URL,Type,Scheme,Date
https://www.sbimf.com/sbimf-scheme-details/sbi-large-cap-fund-(formerly-known-as-sbi-bluechip-fund)-43,Scheme Page,SBI Bluechip Fund,Nov 17 2025
https://www.sbimf.com/sbimf-scheme-details/sbi-flexicap-fund-39,Scheme Page,SBI Flexicap Fund,Nov 17 2025
https://www.sbimf.com/sbimf-scheme-details/sbi-elss-tax-saver-fund-(formerly-known-as-sbi-long-term-equity-fund),Scheme Page,SBI Long Term Equity Fund (ELSS),Nov 17 2025
https://www.sbimf.com/learn-about-mutual-funds/mutual-fund-starter-kit#learn,Educational Page,General,Nov 17 2025
https://www.amfiindia.com/investor/knowledge-center-info?zoneName=expenseRatio,AMFI Education,General,Nov 17 2025
https://www.amfiindia.com/investor/knowledge-center-info?zoneName=CategorizationOfMutualFundSchemes,AMFI Education,General,Nov 17 2025
https://www.amfiindia.com/investor/knowledge-center-info?zoneName=IntroductionMutualFunds,AMFI Education,General,Nov 17 2025
https://www.amfiindia.com/investor/become-mf-distributor?zoneName=sip,AMFI Education,General,Nov 17 2025
https://www.amfiindia.com/investor/become-mf-distributor?zoneName=InvestorService,AMFI Education,General,Nov 17 2025
https://www.amfiindia.com/aboutamfi,About Page,General,Nov 17 2025
https://www.amfiindia.com/contact,Contact Page,General,Nov 17 2025
https://www.sbimf.com/sbimf-scheme-details/sbi-focused-fund-25,Scheme Page,SBI Focused Fund,Nov 17 2025
https://portal.amfiindia.com/DownloadNAVHistoryReport_Po.aspx?mf=22&frmdt=01-Nov-2025&todt=17-Nov-2025,NAV History Report,General,Nov 17 2025
https://www.sbimf.com/sbimf-scheme-details/sbi-energy-opportunities-fund-649,Scheme Page,SBI Energy Opportunities Fund,Nov 17 2025
